{
    "serviceTitle": "Professional Business Website Development",
    "keyDescription": "Our Business Website Development service empowers companies with professional, modern websites that drive growth and establish a strong online presence. Our solutions are tailored to enhance credibility, attract customers, and support business objectives with customized design and functionality.",
    "featureImage": "https://example.com/path-to-business-website-image.jpg",
    "whyChooseUs": [
      {
        "title": "Tailored to Your Brand",
        "description": "We create websites that reflect your unique brand identity, ensuring consistency and professionalism."
      },
      {
        "title": "Lead Generation Focused",
        "description": "Our websites are designed to convert visitors into customers with strategically placed CTAs and optimized content."
      },
      {
        "title": "SEO Best Practices",
        "description": "Optimized for search engines with fast load speeds, mobile responsiveness, and strategic content placement."
      },
      {
        "title": "Secure & Reliable",
        "description": "We prioritize security and reliability, ensuring your website remains safe and functional at all times."
      },
      {
        "title": "User-Friendly CMS",
        "description": "Our websites come with an easy-to-use CMS, enabling you to manage your content and updates effortlessly."
      },
      {
        "title": "Responsive Design",
        "description": "Every website is fully responsive, providing a seamless experience across all devices and screen sizes."
      }
    ],
    "featuresWeOffer": [
      {
        "title": "Custom Design",
        "description": "A personalized design that resonates with your brand and appeals to your target audience."
      },
      {
        "title": "SEO Optimization",
        "description": "On-page SEO practices to help your website rank higher and reach the right audience."
      },
      {
        "title": "Mobile-Optimized Layout",
        "description": "A responsive layout that adapts to any screen size, ensuring a great experience on mobile."
      },
      {
        "title": "Contact Forms & CTAs",
        "description": "Engaging CTAs and contact forms to boost lead generation and facilitate user interaction."
      },
      {
        "title": "Blog & Content Management",
        "description": "Easily manageable blog and content sections to keep your audience informed and engaged."
      },
      {
        "title": "Analytics Integration",
        "description": "Integration with Google Analytics to track website performance and user behavior."
      }
    ],
    "facilitiesWeProvide": [
      {
        "title": "Dedicated Project Manager",
        "description": "A single point of contact to ensure smooth communication and project progress."
      },
      {
        "title": "Content Guidance",
        "description": "Assistance with content structuring to maximize impact and SEO effectiveness."
      },
      {
        "title": "Website Testing",
        "description": "Comprehensive testing across devices and browsers for a flawless launch."
      },
      {
        "title": "Training & Support",
        "description": "Hands-on CMS training and ongoing support to help you manage your website confidently."
      },
      {
        "title": "Ongoing Maintenance",
        "description": "Optional maintenance packages for continuous updates, security checks, and improvements."
      }
    ]
  }
  