{
    "serviceTitle": "Ecommerce Website Development",
    "keyDescription": "Our Ecommerce Website Development service helps businesses create powerful, scalable online stores that drive sales and enhance customer experiences. We specialize in crafting secure, user-friendly, and fully customized ecommerce solutions tailored to meet the unique needs of your business.",
    "featureImage": "https://example.com/path-to-ecommerce-website-image.jpg",
    "whyChooseUs": [
      {
        "title": "Customizable & Scalable",
        "description": "Our ecommerce websites are built to grow with your business, allowing for seamless scalability and custom features."
      },
      {
        "title": "User-Centric Design",
        "description": "We design intuitive interfaces that enhance customer experience and make shopping easy and enjoyable."
      },
      {
        "title": "SEO-Optimized Structure",
        "description": "Optimized for search engines, ensuring higher rankings and increased visibility in search results."
      },
      {
        "title": "Advanced Security Features",
        "description": "We implement top-notch security practices to protect customer data and build trust with robust security protocols."
      },
      {
        "title": "Responsive & Mobile-Friendly",
        "description": "Our ecommerce sites are fully responsive, ensuring a seamless shopping experience across all devices."
      },
      {
        "title": "Fast Load Times",
        "description": "Built for speed and performance, our ecommerce websites load quickly, keeping customers engaged."
      }
    ],
    "featuresWeOffer": [
      {
        "title": "Product Management System",
        "description": "Easily manage your product catalog with intuitive inventory and pricing controls."
      },
      {
        "title": "Secure Payment Gateway Integration",
        "description": "Multiple payment gateway options, ensuring safe and secure transactions for customers."
      },
      {
        "title": "SEO Tools & Analytics",
        "description": "Built-in SEO tools and Google Analytics integration to track, analyze, and enhance your store’s performance."
      },
      {
        "title": "Shipping & Tax Management",
        "description": "Automated shipping options and tax calculations tailored to your business needs."
      },
      {
        "title": "Customer Reviews & Ratings",
        "description": "Enhance credibility and customer trust with integrated review and rating features."
      },
      {
        "title": "Mobile-Optimized Design",
        "description": "A responsive design that provides a seamless shopping experience on any device."
      }
    ],
    "facilitiesWeProvide": [
      {
        "title": "Dedicated Project Manager",
        "description": "A dedicated project manager to ensure smooth communication and project delivery."
      },
      {
        "title": "Content Strategy Guidance",
        "description": "Advice on structuring product pages and descriptions to maximize engagement and SEO."
      },
      {
        "title": "Comprehensive Testing",
        "description": "Rigorous testing to ensure your ecommerce site functions perfectly across all devices and browsers."
      },
      {
        "title": "CMS Training & Documentation",
        "description": "Full training on managing the CMS, with helpful documentation for easy site updates."
      },
      {
        "title": "Ongoing Maintenance & Support",
        "description": "Post-launch support and maintenance to keep your store running smoothly and securely."
      }
    ]
  }
  