{
    "serviceTitle": "Expert Frontend Development",
    "keyDescription": "Our Frontend Development service offers visually appealing, responsive, and high-performing websites and applications that enhance user experience. Using the latest technologies and frameworks, we create fast, accessible, and visually engaging interfaces tailored to your brand and audience.",
    "featureImage": "https://example.com/path-to-frontend-development-image.jpg",
    "whyChooseUs": [
      {
        "title": "Pixel-Perfect Design",
        "description": "Bringing designs to life with precise attention to detail, ensuring that each pixel aligns perfectly."
      },
      {
        "title": "Optimized for Performance",
        "description": "Our frontend code is optimized for fast load times and smooth interactions, enhancing user engagement."
      },
      {
        "title": "Responsive Across Devices",
        "description": "We develop responsive layouts to provide a consistent and seamless experience across all screen sizes."
      },
      {
        "title": "SEO-Driven Code",
        "description": "Our code follows SEO best practices, increasing visibility and improving your site's search engine rankings."
      },
      {
        "title": "Cross-Browser Compatibility",
        "description": "Ensuring your site performs flawlessly across all major browsers and devices for broader accessibility."
      },
      {
        "title": "Accessible Design",
        "description": "Adhering to accessibility standards (WCAG) to make websites usable for all individuals, including those with disabilities."
      }
    ],
    "featuresWeOffer": [
      {
        "title": "Modern JavaScript Frameworks",
        "description": "Specializing in React, Vue, and Angular for fast, dynamic interfaces."
      },
      {
        "title": "CSS Animation & Transitions",
        "description": "Creating smooth, engaging animations with CSS and JavaScript for visual appeal."
      },
      {
        "title": "Responsive & Adaptive Layouts",
        "description": "Layouts that adjust to various screen sizes, providing a great user experience on any device."
      },
      {
        "title": "State Management",
        "description": "Efficiently managing application state using Redux, Vuex, or Context API for seamless functionality."
      },
      {
        "title": "Component-Based Architecture",
        "description": "Building reusable components for easier updates, maintenance, and scalability."
      },
      {
        "title": "Testing & Debugging",
        "description": "Comprehensive testing and debugging to ensure error-free and high-performance code."
      }
    ],
    "facilitiesWeProvide": [
      {
        "title": "Dedicated Development Team",
        "description": "A team of frontend experts dedicated to your project’s success."
      },
      {
        "title": "Regular Updates & Reporting",
        "description": "Frequent project updates and reports to keep you informed of progress."
      },
      {
        "title": "Code Quality Assurance",
        "description": "Adherence to industry standards for clean, efficient, and maintainable code."
      },
      {
        "title": "Agile Development Process",
        "description": "Quick iterations with feedback loops to align with your vision at every stage."
      },
      {
        "title": "Post-Launch Support",
        "description": "Ongoing support to address any issues and provide updates after launch."
      }
    ]
  }
  