{
    "serviceTitle": "Comprehensive Full Stack Development",
    "keyDescription": "Our Full Stack Development service provides end-to-end solutions that cover both frontend and backend, delivering dynamic, robust, and scalable web applications. We specialize in creating seamless user experiences with integrated, high-performance systems tailored to meet your business goals.",
    "featureImage": "https://example.com/path-to-full-stack-development-image.jpg",
    "whyChooseUs": [
      {
        "title": "Complete Solution",
        "description": "From frontend interfaces to backend infrastructure, we handle the entire development process for cohesive results."
      },
      {
        "title": "Agile & Flexible Approach",
        "description": "Using agile methodologies to adapt quickly to changes and deliver products in short, efficient cycles."
      },
      {
        "title": "Optimized for Performance",
        "description": "Creating high-performance applications with optimized database and server-side code for fast, seamless user interactions."
      },
      {
        "title": "Scalable Architecture",
        "description": "Designing applications that grow with your business, making future updates and expansions simple and efficient."
      },
      {
        "title": "Enhanced Security",
        "description": "Implementing top security practices to protect data and ensure safe transactions and user privacy."
      },
      {
        "title": "Responsive & SEO-Driven",
        "description": "Responsive design and SEO-friendly code to improve search rankings and reach a wider audience."
      }
    ],
    "featuresWeOffer": [
      {
        "title": "Frontend & Backend Integration",
        "description": "Seamless connection between frontend and backend for a smooth user experience."
      },
      {
        "title": "Database Management",
        "description": "Efficient database solutions, including MongoDB, MySQL, and PostgreSQL for secure data handling."
      },
      {
        "title": "RESTful API Development",
        "description": "Custom APIs to connect your application with external services and data sources."
      },
      {
        "title": "Real-Time Functionality",
        "description": "Implementing WebSockets and real-time data handling for interactive applications."
      },
      {
        "title": "Server-Side Rendering (SSR)",
        "description": "Boosting SEO and performance with server-side rendering for faster load times and improved search visibility."
      },
      {
        "title": "Testing & Debugging",
        "description": "End-to-end testing and debugging for high-quality, bug-free applications."
      }
    ],
    "facilitiesWeProvide": [
      {
        "title": "Dedicated Full Stack Team",
        "description": "A specialized team with frontend, backend, and DevOps expertise dedicated to your project."
      },
      {
        "title": "Regular Progress Reports",
        "description": "Frequent updates on project progress, keeping you involved and informed."
      },
      {
        "title": "High Code Quality Standards",
        "description": "Industry-standard code practices for maintainable, efficient, and clean code."
      },
      {
        "title": "Scalable & Modular Codebase",
        "description": "Building a modular codebase to make future updates, changes, and scaling simple."
      },
      {
        "title": "Post-Launch Support",
        "description": "Ongoing maintenance and support to ensure the continued success of your application."
      }
    ]
  }
  