{
    "serviceTitle": "React Development for High-Performance Web Applications",
    "keyDescription": "We offer top-tier React Development services that help businesses build fast, scalable, modern web applications. With our deep expertise in React, we deliver robust and flexible solutions tailored to meet your business goals.",
    "featureImage": "https://example.com/path-to-your-image.jpg",
    "whyChooseUs": [
      {
        "title": "Modern, Dynamic Applications",
        "description": "Delivering interactive, real-time applications with smooth, responsive user experiences."
      },
      {
        "title": "Performance Optimization",
        "description": "Optimized React apps using virtual DOM for faster performance and seamless interactions."
      },
      {
        "title": "Component-Based Architecture",
        "description": "Building modular, reusable components for easy updates, maintenance, and scalable development."
      },
      {
        "title": "SEO-Friendly",
        "description": "Enhancing search engine rankings with server-side rendering and optimized page load speed."
      },
      {
        "title": "Cross-Platform Compatibility",
        "description": "Ensuring consistent user experiences and functionality across both web and mobile platforms."
      },
      {
        "title": "Custom Solutions",
        "description": "Providing tailored web applications that perfectly align with unique business goals and needs."
      }
    ],
    "featuresWeOffer": [
      {
        "title": "API Integration",
        "description": "Seamless integration with external services and databases."
      },
      {
        "title": "State Management Expertise",
        "description": "Efficient state handling with Redux or Context API."
      },
      {
        "title": "Custom Animation",
        "description": "Smooth, engaging animations with GSAP."
      },
      {
        "title": "Interactive Components",
        "description": "Dynamic, user-friendly interactive elements."
      },
      {
        "title": "Mobile Responsive Design",
        "description": "Fully optimized for all screen sizes."
      },
      {
        "title": "Re-usable Components",
        "description": "Modular, maintainable components for scalability."
      }
    ],
    "facilitiesWeProvide": [
      {
        "title": "Regular Updates",
        "description": "Consistent progress reports and project updates."
      },
      {
        "title": "Code Quality Assurance",
        "description": "Clean, efficient, industry-standard code."
      },
      {
        "title": "Testing & Debugging",
        "description": "Thorough testing for a bug-free experience."
      },
      {
        "title": "Agile Development",
        "description": "Fast iterations with client feedback loops."
      },
      {
        "title": "Ongoing Support & Maintenance",
        "description": "Continuous support post-launch for updates and fixes."
      }
    ]
  }
  