{
    "serviceTitle": "Professional WordPress Website Design & Development",
    "keyDescription": "Our WordPress Website Design & Development service helps businesses build customized, visually appealing, and user-friendly websites. We create fully optimized WordPress solutions tailored to your needs, with a focus on functionality, SEO, and ease of use to help you achieve your online goals.",
    "featureImage": "https://example.com/path-to-wordpress-website-image.jpg",
    "whyChooseUs": [
      {
        "title": "Custom Designs",
        "description": "We create unique designs tailored to your brand, ensuring a distinct look and feel that resonates with your audience."
      },
      {
        "title": "SEO-Ready Structure",
        "description": "Our WordPress sites are optimized for search engines, helping you improve visibility and attract the right audience."
      },
      {
        "title": "Fast Load Times",
        "description": "Optimized for performance, our sites load quickly, providing a smooth experience for your visitors."
      },
      {
        "title": "Secure & Reliable",
        "description": "We implement strong security measures to protect your site and data from online threats."
      },
      {
        "title": "Mobile-Responsive Design",
        "description": "Our WordPress websites are responsive, ensuring a consistent experience across all devices."
      },
      {
        "title": "Easy Content Management",
        "description": "User-friendly CMS allows you to easily update content, add pages, and manage your website with ease."
      }
    ],
    "featuresWeOffer": [
      {
        "title": "Custom Theme Development",
        "description": "Personalized WordPress themes that reflect your brand and meet your functional needs."
      },
      {
        "title": "Plugin Integration & Customization",
        "description": "Integrating and customizing plugins for added features, from contact forms to ecommerce."
      },
      {
        "title": "On-Page SEO Optimization",
        "description": "Setting up SEO-friendly elements to help you rank higher and reach more potential customers."
      },
      {
        "title": "Ecommerce Functionality",
        "description": "WooCommerce integration to transform your site into a powerful online store."
      },
      {
        "title": "Blog & Content Sections",
        "description": "Setting up and organizing content sections, including blogs, galleries, and portfolios."
      },
      {
        "title": "Analytics & Tracking Setup",
        "description": "Google Analytics and other tracking tools set up to monitor performance and visitor behavior."
      }
    ],
    "facilitiesWeProvide": [
      {
        "title": "Dedicated Project Manager",
        "description": "A project manager to ensure seamless communication and keep you updated on progress."
      },
      {
        "title": "Regular Backups & Security Checks",
        "description": "Ongoing security checks and regular backups to keep your site secure and data protected."
      },
      {
        "title": "Training & Documentation",
        "description": "Comprehensive training on WordPress use and management with helpful documentation."
      },
      {
        "title": "Post-Launch Support",
        "description": "Continued support after launch to help with updates, maintenance, and fixes."
      },
      {
        "title": "Content Strategy Assistance",
        "description": "Guidance on structuring content for better engagement and improved SEO."
      }
    ]
  }
  